OrderID,CustomerID,OrderAmount,OrderDate
1,460,439.35,2024-01-01
2,356,4803.15,2024-01-02
3,324,2443.45,2024-01-03
4,133,4489.49,2024-01-04
5,888,1678.86,2024-01-05
6,805,713.64,2024-01-06
7,840,2424.25,2024-01-07
8,127,658.39,2024-01-08
9,106,2481.48,2024-01-09
10,604,4609.46,2024-01-10
11,799,2651.76,2024-01-11
12,378,3120.85,2024-01-12
13,905,867.53,2024-01-13
14,51,314.3,2024-01-14
15,29,642.96,2024-01-15
16,462,3032.8,2024-01-16
17,296,565.56,2024-01-17
18,297,1942.37,2024-01-18
19,726,2795.45,2024-01-19
20,779,2004.4,2024-01-20
21,407,902.05,2024-01-21
22,769,1441.58,2024-01-22
23,814,4648.76,2024-01-23
24,613,3412.31,2024-01-24
25,405,2530.63,2024-01-25
26,346,162.3,2024-01-26
27,622,4962.84,2024-01-27
28,420,3390.13,2024-01-28
29,182,1652.92,2024-01-29
30,983,4408.42,2024-01-30
31,825,1366.31,2024-01-31
32,1,2765.68,2024-02-01
33,831,3216.75,2024-02-02
34,950,1183.21,2024-02-03
35,567,4894.15,2024-02-04
36,371,3766.14,2024-02-05
37,936,2833.28,2024-02-06
38,911,984.91,2024-02-07
39,661,363.91,2024-02-08
40,431,1668.29,2024-02-09
41,969,3790.62,2024-02-10
42,309,1419.72,2024-02-11
43,137,2743.83,2024-02-12
44,202,3666.94,2024-02-13
45,436,628.92,2024-02-14
46,313,3457.96,2024-02-15
47,117,550.17,2024-02-16
48,666,4829.14,2024-02-17
49,937,2493.13,2024-02-18
50,803,838.31,2024-02-19
51,575,1777.68,2024-02-20
52,244,2125.74,2024-02-21
53,537,3815.11,2024-02-22
54,602,3742.78,2024-02-23
55,75,3098.51,2024-02-24
56,806,619.06,2024-02-25
57,386,842.69,2024-02-26
58,903,559.41,2024-02-27
59,210,2928.15,2024-02-28
60,475,4397.98,2024-02-29
61,418,2225.62,2024-03-01
62,347,888.16,2024-03-02
63,529,2834.41,2024-03-03
64,640,4077.59,2024-03-04
65,939,3734.39,2024-03-05
66,955,4419.11,2024-03-06
67,876,1461.72,2024-03-07
68,763,1050.37,2024-03-08
69,179,4411.1,2024-03-09
70,182,3322.05,2024-03-10
71,664,1623.55,2024-03-11
72,25,3737.51,2024-03-12
73,967,4094.08,2024-03-13
74,180,3113.39,2024-03-14
75,710,3470.63,2024-03-15
76,501,1938.77,2024-03-16
77,856,2739.61,2024-03-17
78,161,2668.38,2024-03-18
79,177,4255.43,2024-03-19
80,285,4215.82,2024-03-20
81,63,4180.13,2024-03-21
82,662,154.05,2024-03-22
83,666,3772.77,2024-03-23
84,156,3817.51,2024-03-24
85,882,3424.06,2024-03-25
86,469,3805.7,2024-03-26
87,49,4225.65,2024-03-27
88,967,2404.56,2024-03-28
89,849,2560.05,2024-03-29
90,84,711.1,2024-03-30
91,361,1988.34,2024-03-31
92,689,3252.49,2024-04-01
93,148,3923.96,2024-04-02
94,630,1164.32,2024-04-03
95,342,775.33,2024-04-04
96,476,3348.91,2024-04-05
97,63,109.21,2024-04-06
98,701,974.03,2024-04-07
99,360,242.45,2024-04-08
100,561,917.74,2024-04-09
101,327,988.46,2024-04-10
102,769,1999.6,2024-04-11
103,736,2071.4,2024-04-12
104,141,4383.89,2024-04-13
105,990,2599.54,2024-04-14
106,215,3644.68,2024-04-15
107,435,610.27,2024-04-16
108,891,1204.65,2024-04-17
109,952,3544.42,2024-04-18
110,723,358.74,2024-04-19
111,318,2484.33,2024-04-20
112,32,3036.91,2024-04-21
113,670,3050.51,2024-04-22
114,285,212.37,2024-04-23
115,305,1678.33,2024-04-24
116,429,3218.8,2024-04-25
117,477,830.1,2024-04-26
118,286,3507.54,2024-04-27
119,144,3755.03,2024-04-28
120,424,4911.65,2024-04-29
121,19,1128.23,2024-04-30
122,18,4143.14,2024-05-01
123,769,2649.45,2024-05-02
124,590,1929.97,2024-05-03
125,371,699.65,2024-05-04
126,175,3703.98,2024-05-05
127,194,1255.7,2024-05-06
128,502,1919.97,2024-05-07
129,988,406.46,2024-05-08
130,113,4026.7,2024-05-09
131,114,3856.28,2024-05-10
132,222,3694.72,2024-05-11
133,678,1567.27,2024-05-12
134,947,950.05,2024-05-13
135,831,3224.01,2024-05-14
136,644,2531.22,2024-05-15
137,897,973.44,2024-05-16
138,264,3460.97,2024-05-17
139,925,4956.52,2024-05-18
140,55,3761.38,2024-05-19
141,871,3725.93,2024-05-20
142,643,4756.53,2024-05-21
143,800,1094.39,2024-05-22
144,778,2871.19,2024-05-23
145,458,4900.27,2024-05-24
146,979,909.94,2024-05-25
147,878,3531.23,2024-05-26
148,162,2970.47,2024-05-27
149,380,2973.75,2024-05-28
150,993,3518.59,2024-05-29
151,87,4655.12,2024-05-30
152,55,3934.65,2024-05-31
153,476,375.07,2024-06-01
154,800,4278.37,2024-06-02
155,178,1205.15,2024-06-03
156,391,1946.88,2024-06-04
157,349,2362.49,2024-06-05
158,8,2456.44,2024-06-06
159,833,2232.38,2024-06-07
160,313,4693.03,2024-06-08
161,759,3559.49,2024-06-09
162,835,3192.74,2024-06-10
163,984,344.23,2024-06-11
164,983,4529.18,2024-06-12
165,443,4556.01,2024-06-13
166,767,3923.04,2024-06-14
167,328,134.44,2024-06-15
168,54,380.67,2024-06-16
169,761,1203.6,2024-06-17
170,239,743.61,2024-06-18
171,229,2054.3,2024-06-19
172,579,4620.85,2024-06-20
173,51,2413.1,2024-06-21
174,609,165.67,2024-06-22
175,604,1485.45,2024-06-23
176,264,318.52,2024-06-24
177,418,277.81,2024-06-25
178,803,1451.03,2024-06-26
179,96,1450.5,2024-06-27
180,88,3956.92,2024-06-28
181,78,4876.69,2024-06-29
182,288,1918.91,2024-06-30
183,120,2201.55,2024-07-01
184,814,4239.47,2024-07-02
185,491,1413.88,2024-07-03
186,912,866.27,2024-07-04
187,452,4280.14,2024-07-05
188,500,327.85,2024-07-06
189,165,3136.53,2024-07-07
190,182,2853.76,2024-07-08
191,469,1795.01,2024-07-09
192,910,1644.43,2024-07-10
193,735,3882.1,2024-07-11
194,823,523.48,2024-07-12
195,944,1260.24,2024-07-13
196,978,3689.0,2024-07-14
197,7,2786.77,2024-07-15
198,330,727.14,2024-07-16
199,775,4422.46,2024-07-17
200,673,2027.89,2024-07-18
201,151,4156.56,2024-07-19
202,85,3959.79,2024-07-20
203,147,3159.68,2024-07-21
204,624,2522.96,2024-07-22
205,381,4899.8,2024-07-23
206,915,810.33,2024-07-24
207,548,3653.26,2024-07-25
208,285,1036.83,2024-07-26
209,700,1757.49,2024-07-27
210,82,1612.62,2024-07-28
211,514,4740.48,2024-07-29
212,897,4840.05,2024-07-30
213,815,996.78,2024-07-31
214,709,207.97,2024-08-01
215,916,3628.04,2024-08-02
216,523,2148.15,2024-08-03
217,746,535.32,2024-08-04
218,386,3450.4,2024-08-05
219,707,2771.02,2024-08-06
220,471,4904.53,2024-08-07
221,119,1214.31,2024-08-08
222,396,2079.49,2024-08-09
223,532,2758.47,2024-08-10
224,261,3979.33,2024-08-11
225,805,2789.31,2024-08-12
226,934,3103.21,2024-08-13
227,256,1208.12,2024-08-14
228,734,4249.9,2024-08-15
229,905,2200.29,2024-08-16
230,226,790.7,2024-08-17
231,53,3354.52,2024-08-18
232,940,1158.84,2024-08-19
233,867,578.06,2024-08-20
234,500,4323.74,2024-08-21
235,506,2354.8,2024-08-22
236,854,3771.49,2024-08-23
237,364,1523.88,2024-08-24
238,280,3956.15,2024-08-25
239,593,648.49,2024-08-26
240,714,1844.27,2024-08-27
241,158,4892.5,2024-08-28
242,632,3990.55,2024-08-29
243,59,2536.55,2024-08-30
244,727,1764.91,2024-08-31
245,128,4373.46,2024-09-01
246,736,2769.75,2024-09-02
247,721,3816.28,2024-09-03
248,882,3795.13,2024-09-04
249,115,187.93,2024-09-05
250,209,718.64,2024-09-06
251,526,3332.18,2024-09-07
252,521,891.94,2024-09-08
253,552,1351.92,2024-09-09
254,962,4738.53,2024-09-10
255,237,2844.89,2024-09-11
256,281,3778.57,2024-09-12
257,359,2834.11,2024-09-13
258,201,2807.32,2024-09-14
259,758,561.34,2024-09-15
260,278,1783.95,2024-09-16
261,235,1483.91,2024-09-17
262,494,2014.57,2024-09-18
263,4,4011.89,2024-09-19
264,666,1922.47,2024-09-20
265,442,2313.31,2024-09-21
266,29,2047.17,2024-09-22
267,109,557.7,2024-09-23
268,610,2261.25,2024-09-24
269,727,1058.49,2024-09-25
270,805,1014.94,2024-09-26
271,75,560.78,2024-09-27
272,838,1847.69,2024-09-28
273,146,3811.66,2024-09-29
274,128,1454.56,2024-09-30
275,853,1630.51,2024-10-01
276,42,3249.11,2024-10-02
277,356,1059.62,2024-10-03
278,41,4495.09,2024-10-04
279,934,2648.93,2024-10-05
280,34,2293.25,2024-10-06
281,17,2833.32,2024-10-07
282,677,913.57,2024-10-08
283,153,3106.02,2024-10-09
284,998,1879.19,2024-10-10
285,378,4496.21,2024-10-11
286,588,927.39,2024-10-12
287,599,2584.55,2024-10-13
288,629,3030.75,2024-10-14
289,874,263.58,2024-10-15
290,342,1882.1,2024-10-16
291,981,3689.91,2024-10-17
292,27,4119.85,2024-10-18
293,825,1634.49,2024-10-19
294,287,4013.11,2024-10-20
295,646,4842.0,2024-10-21
296,731,4298.68,2024-10-22
297,168,676.46,2024-10-23
298,610,3724.68,2024-10-24
299,268,1666.37,2024-10-25
300,749,4943.24,2024-10-26
301,821,2478.26,2024-10-27
302,455,699.93,2024-10-28
303,906,3653.41,2024-10-29
304,685,1682.75,2024-10-30
305,401,4985.68,2024-10-31
306,922,4900.93,2024-11-01
307,981,3315.06,2024-11-02
308,476,736.15,2024-11-03
309,702,3465.62,2024-11-04
310,634,555.85,2024-11-05
311,558,243.88,2024-11-06
312,576,4132.5,2024-11-07
313,130,1127.79,2024-11-08
314,822,1957.23,2024-11-09
315,363,4869.94,2024-11-10
316,705,1750.52,2024-11-11
317,819,1552.8,2024-11-12
318,693,4599.22,2024-11-13
319,292,642.67,2024-11-14
320,371,3821.95,2024-11-15
321,794,4941.52,2024-11-16
322,29,4516.35,2024-11-17
323,149,3293.17,2024-11-18
324,779,1638.9,2024-11-19
325,296,1346.18,2024-11-20
326,11,4114.35,2024-11-21
327,512,4411.13,2024-11-22
328,676,2674.63,2024-11-23
329,113,1297.27,2024-11-24
330,187,653.42,2024-11-25
331,807,527.18,2024-11-26
332,744,3623.48,2024-11-27
333,227,2158.58,2024-11-28
334,310,4536.26,2024-11-29
335,98,3724.39,2024-11-30
336,55,1037.18,2024-12-01
337,623,3107.51,2024-12-02
338,664,2233.98,2024-12-03
339,758,2928.52,2024-12-04
340,406,3716.54,2024-12-05
341,69,4050.36,2024-12-06
342,312,4234.31,2024-12-07
343,289,1344.48,2024-12-08
344,762,252.47,2024-12-09
345,548,3722.54,2024-12-10
346,751,621.08,2024-12-11
347,148,1643.11,2024-12-12
348,467,118.7,2024-12-13
349,739,3440.18,2024-12-14
350,244,918.95,2024-12-15
351,491,3310.88,2024-12-16
352,849,4959.54,2024-12-17
353,958,456.09,2024-12-18
354,507,477.68,2024-12-19
355,365,1767.86,2024-12-20
356,482,4345.29,2024-12-21
357,201,1156.1,2024-12-22
358,154,1865.85,2024-12-23
359,450,435.68,2024-12-24
360,501,3839.46,2024-12-25
361,73,2100.7,2024-12-26
362,713,3820.32,2024-12-27
363,296,4527.68,2024-12-28
364,17,1240.54,2024-12-29
365,641,4056.24,2024-12-30
366,217,389.56,2024-12-31
367,61,4504.35,2025-01-01
368,939,3288.77,2025-01-02
369,616,4383.71,2025-01-03
370,42,100.92,2025-01-04
371,25,928.5,2025-01-05
372,39,2009.82,2025-01-06
373,803,1959.56,2025-01-07
374,131,1210.98,2025-01-08
375,498,1969.9,2025-01-09
376,229,731.36,2025-01-10
377,108,2122.53,2025-01-11
378,172,4031.54,2025-01-12
379,435,2447.44,2025-01-13
380,478,188.2,2025-01-14
381,102,2165.08,2025-01-15
382,866,233.16,2025-01-16
383,524,4834.59,2025-01-17
384,275,724.52,2025-01-18
385,613,3567.67,2025-01-19
386,44,4866.6,2025-01-20
387,955,4147.59,2025-01-21
388,817,3526.65,2025-01-22
389,957,4213.36,2025-01-23
390,17,4910.81,2025-01-24
391,330,3144.59,2025-01-25
392,569,2840.01,2025-01-26
393,823,3178.37,2025-01-27
394,497,2710.11,2025-01-28
395,815,3211.94,2025-01-29
396,12,2304.23,2025-01-30
397,318,1170.37,2025-01-31
398,592,689.21,2025-02-01
399,216,434.87,2025-02-02
400,339,1390.25,2025-02-03
401,776,326.01,2025-02-04
402,991,2879.14,2025-02-05
403,661,1490.76,2025-02-06
404,81,4140.22,2025-02-07
405,727,463.78,2025-02-08
406,485,1209.12,2025-02-09
407,374,3678.21,2025-02-10
408,976,3034.16,2025-02-11
409,710,416.01,2025-02-12
410,200,4398.47,2025-02-13
411,537,4398.58,2025-02-14
412,466,1719.0,2025-02-15
413,89,1767.99,2025-02-16
414,268,4946.24,2025-02-17
415,655,3168.26,2025-02-18
416,571,2703.45,2025-02-19
417,922,4206.95,2025-02-20
418,489,1497.92,2025-02-21
419,877,2202.99,2025-02-22
420,538,1412.11,2025-02-23
421,47,3966.89,2025-02-24
422,288,2909.41,2025-02-25
423,778,3328.24,2025-02-26
424,16,1336.31,2025-02-27
425,711,1179.1,2025-02-28
426,401,2493.04,2025-03-01
427,919,3714.07,2025-03-02
428,794,2673.67,2025-03-03
429,981,259.96,2025-03-04
430,86,4355.9,2025-03-05
431,250,416.97,2025-03-06
432,391,4783.54,2025-03-07
433,782,223.2,2025-03-08
434,335,3502.81,2025-03-09
435,629,502.81,2025-03-10
436,519,4562.32,2025-03-11
437,137,2375.72,2025-03-12
438,883,773.87,2025-03-13
439,688,1770.0,2025-03-14
440,840,907.64,2025-03-15
441,498,935.85,2025-03-16
442,827,4745.73,2025-03-17
443,727,2281.71,2025-03-18
444,477,3965.13,2025-03-19
445,594,3234.07,2025-03-20
446,223,3414.49,2025-03-21
447,990,745.3,2025-03-22
448,372,1247.5,2025-03-23
449,935,3955.08,2025-03-24
450,995,4856.75,2025-03-25
451,402,1387.11,2025-03-26
452,443,1430.69,2025-03-27
453,490,2417.2,2025-03-28
454,615,4920.82,2025-03-29
455,273,1417.9,2025-03-30
456,526,2094.16,2025-03-31
457,159,4468.25,2025-04-01
458,152,114.31,2025-04-02
459,995,294.85,2025-04-03
460,620,3059.95,2025-04-04
461,188,4546.16,2025-04-05
462,813,1270.4,2025-04-06
463,98,2401.24,2025-04-07
464,131,2307.28,2025-04-08
465,805,2417.56,2025-04-09
466,171,3150.35,2025-04-10
467,936,2401.74,2025-04-11
468,986,2292.59,2025-04-12
469,183,2424.01,2025-04-13
470,983,2995.25,2025-04-14
471,364,2731.34,2025-04-15
472,39,4285.27,2025-04-16
473,527,342.53,2025-04-17
474,888,4183.25,2025-04-18
475,497,4235.23,2025-04-19
476,516,1496.05,2025-04-20
477,349,2367.97,2025-04-21
478,982,2248.84,2025-04-22
479,921,1170.7,2025-04-23
480,397,2044.3,2025-04-24
481,722,317.5,2025-04-25
482,161,1461.33,2025-04-26
483,16,4101.74,2025-04-27
484,493,1494.36,2025-04-28
485,426,4109.21,2025-04-29
486,108,2704.84,2025-04-30
487,894,4411.33,2025-05-01
488,450,2916.42,2025-05-02
489,311,245.37,2025-05-03
490,739,3409.56,2025-05-04
491,170,319.78,2025-05-05
492,546,2307.93,2025-05-06
493,414,4654.19,2025-05-07
494,251,909.5,2025-05-08
495,759,2010.37,2025-05-09
496,781,3676.32,2025-05-10
497,141,4423.07,2025-05-11
498,274,3387.62,2025-05-12
499,416,1365.05,2025-05-13
500,608,3405.58,2025-05-14
501,739,1553.97,2025-05-15
502,891,3620.3,2025-05-16
503,39,4774.76,2025-05-17
504,814,3634.83,2025-05-18
505,29,4328.11,2025-05-19
506,958,110.31,2025-05-20
507,477,3616.1,2025-05-21
508,318,4164.98,2025-05-22
509,245,298.74,2025-05-23
510,748,4370.83,2025-05-24
511,697,1357.8,2025-05-25
512,272,3359.93,2025-05-26
513,440,4021.74,2025-05-27
514,748,3347.06,2025-05-28
515,239,552.2,2025-05-29
516,377,3021.98,2025-05-30
517,266,2792.96,2025-05-31
518,926,4511.57,2025-06-01
519,921,2080.77,2025-06-02
520,359,1673.3,2025-06-03
521,340,3774.27,2025-06-04
522,389,2122.11,2025-06-05
523,577,3265.87,2025-06-06
524,990,3267.61,2025-06-07
525,689,4451.39,2025-06-08
526,3,3033.59,2025-06-09
527,429,2560.55,2025-06-10
528,142,780.47,2025-06-11
529,376,667.11,2025-06-12
530,670,856.18,2025-06-13
531,324,942.06,2025-06-14
532,146,3225.6,2025-06-15
533,958,3730.81,2025-06-16
534,293,2696.96,2025-06-17
535,665,4162.19,2025-06-18
536,432,4957.19,2025-06-19
537,705,4118.06,2025-06-20
538,949,3504.92,2025-06-21
539,975,2709.21,2025-06-22
540,585,2299.38,2025-06-23
541,399,513.52,2025-06-24
542,817,2056.91,2025-06-25
543,889,4559.66,2025-06-26
544,344,4059.31,2025-06-27
545,964,1158.65,2025-06-28
546,140,2386.38,2025-06-29
547,187,4101.94,2025-06-30
548,805,430.18,2025-07-01
549,61,1998.22,2025-07-02
550,997,4274.02,2025-07-03
551,939,2079.1,2025-07-04
552,380,480.31,2025-07-05
553,710,2758.42,2025-07-06
554,807,4322.54,2025-07-07
555,440,2992.4,2025-07-08
556,319,1208.77,2025-07-09
557,302,1982.77,2025-07-10
558,344,2305.6,2025-07-11
559,11,2938.41,2025-07-12
560,62,3820.82,2025-07-13
561,845,584.48,2025-07-14
562,226,4459.29,2025-07-15
563,153,160.32,2025-07-16
564,711,1913.26,2025-07-17
565,564,234.36,2025-07-18
566,772,2025.57,2025-07-19
567,571,2676.48,2025-07-20
568,584,2607.24,2025-07-21
569,660,911.58,2025-07-22
570,861,3264.13,2025-07-23
571,575,319.41,2025-07-24
572,310,3833.34,2025-07-25
573,885,4738.56,2025-07-26
574,243,1764.87,2025-07-27
575,493,2634.47,2025-07-28
576,366,1956.66,2025-07-29
577,330,132.88,2025-07-30
578,107,1990.79,2025-07-31
579,226,3979.43,2025-08-01
580,825,3020.35,2025-08-02
581,218,596.17,2025-08-03
582,937,4250.98,2025-08-04
583,753,2702.32,2025-08-05
584,506,4224.44,2025-08-06
585,259,2943.09,2025-08-07
586,888,2842.47,2025-08-08
587,774,615.77,2025-08-09
588,517,920.06,2025-08-10
589,773,4862.92,2025-08-11
590,54,1219.59,2025-08-12
591,47,4889.52,2025-08-13
592,727,2706.37,2025-08-14
593,689,765.37,2025-08-15
594,521,586.58,2025-08-16
595,99,1123.43,2025-08-17
596,20,4635.62,2025-08-18
597,890,2129.34,2025-08-19
598,753,2037.63,2025-08-20
599,573,1634.71,2025-08-21
600,891,820.6,2025-08-22
601,490,2490.47,2025-08-23
602,419,737.23,2025-08-24
603,690,4193.85,2025-08-25
604,850,1914.95,2025-08-26
605,62,1936.54,2025-08-27
606,145,2422.63,2025-08-28
607,216,2276.23,2025-08-29
608,3,4974.8,2025-08-30
609,160,2772.37,2025-08-31
610,739,532.19,2025-09-01
611,998,3073.7,2025-09-02
612,781,842.76,2025-09-03
613,120,251.59,2025-09-04
614,893,4856.64,2025-09-05
615,89,3890.34,2025-09-06
616,329,4902.53,2025-09-07
617,580,2441.6,2025-09-08
618,910,2708.06,2025-09-09
619,357,924.85,2025-09-10
620,610,1309.85,2025-09-11
621,267,4208.89,2025-09-12
622,617,1845.31,2025-09-13
623,952,4151.39,2025-09-14
624,323,3574.17,2025-09-15
625,635,968.14,2025-09-16
626,988,2586.49,2025-09-17
627,541,3419.2,2025-09-18
628,649,1251.68,2025-09-19
629,195,4170.37,2025-09-20
630,921,2769.66,2025-09-21
631,738,909.69,2025-09-22
632,332,2956.62,2025-09-23
633,170,4998.6,2025-09-24
634,521,837.56,2025-09-25
635,463,4102.11,2025-09-26
636,40,1115.81,2025-09-27
637,537,3933.7,2025-09-28
638,261,3699.43,2025-09-29
639,395,1572.4,2025-09-30
640,955,1696.53,2025-10-01
641,226,3983.35,2025-10-02
642,984,2361.08,2025-10-03
643,124,3681.01,2025-10-04
644,975,825.12,2025-10-05
645,38,4277.53,2025-10-06
646,328,3583.34,2025-10-07
647,251,4544.02,2025-10-08
648,901,748.62,2025-10-09
649,176,3005.77,2025-10-10
650,602,3035.69,2025-10-11
651,914,1831.96,2025-10-12
652,454,2346.49,2025-10-13
653,37,286.11,2025-10-14
654,316,3754.71,2025-10-15
655,688,2791.68,2025-10-16
656,973,382.93,2025-10-17
657,796,3435.7,2025-10-18
658,965,2387.23,2025-10-19
659,973,268.86,2025-10-20
660,593,4851.08,2025-10-21
661,114,4750.65,2025-10-22
662,40,2613.22,2025-10-23
663,301,558.99,2025-10-24
664,224,3797.64,2025-10-25
665,318,2510.46,2025-10-26
666,349,1581.99,2025-10-27
667,115,2507.95,2025-10-28
668,698,2659.98,2025-10-29
669,323,2857.29,2025-10-30
670,568,2262.0,2025-10-31
671,40,3068.2,2025-11-01
672,866,4601.8,2025-11-02
673,40,1875.11,2025-11-03
674,859,3656.01,2025-11-04
675,973,4482.82,2025-11-05
676,749,2334.3,2025-11-06
677,289,2272.93,2025-11-07
678,262,3050.37,2025-11-08
679,216,2997.89,2025-11-09
680,147,4052.29,2025-11-10
681,336,2434.77,2025-11-11
682,168,4981.0,2025-11-12
683,92,391.41,2025-11-13
684,353,115.52,2025-11-14
685,571,3236.97,2025-11-15
686,571,1562.33,2025-11-16
687,816,1277.87,2025-11-17
688,681,1628.31,2025-11-18
689,781,1354.63,2025-11-19
690,363,250.87,2025-11-20
691,557,4860.51,2025-11-21
692,345,1181.65,2025-11-22
693,693,3696.75,2025-11-23
694,170,3836.72,2025-11-24
695,356,4653.36,2025-11-25
696,191,249.69,2025-11-26
697,667,4373.04,2025-11-27
698,422,2683.41,2025-11-28
699,700,3199.47,2025-11-29
700,7,3257.9,2025-11-30
701,133,4117.01,2025-12-01
702,747,1733.7,2025-12-02
703,557,3691.95,2025-12-03
704,826,2690.03,2025-12-04
705,761,3987.63,2025-12-05
706,31,4953.68,2025-12-06
707,535,1083.19,2025-12-07
708,426,4973.78,2025-12-08
709,394,540.08,2025-12-09
710,672,111.36,2025-12-10
711,363,316.39,2025-12-11
712,437,1774.73,2025-12-12
713,670,3201.24,2025-12-13
714,551,438.24,2025-12-14
715,927,127.76,2025-12-15
716,82,4691.75,2025-12-16
717,356,4127.44,2025-12-17
718,258,4065.0,2025-12-18
719,718,4433.68,2025-12-19
720,589,3530.17,2025-12-20
721,989,611.58,2025-12-21
722,524,2055.59,2025-12-22
723,295,3643.43,2025-12-23
724,962,1473.64,2025-12-24
725,224,3468.29,2025-12-25
726,525,220.04,2025-12-26
727,46,1600.07,2025-12-27
728,667,2790.74,2025-12-28
729,113,3197.24,2025-12-29
730,233,2927.5,2025-12-30
731,17,3519.01,2025-12-31
732,360,129.83,2026-01-01
733,223,594.61,2026-01-02
734,866,4357.83,2026-01-03
735,700,3440.57,2026-01-04
736,448,653.37,2026-01-05
737,856,4226.16,2026-01-06
738,365,1286.93,2026-01-07
739,675,2443.47,2026-01-08
740,326,811.46,2026-01-09
741,467,3579.54,2026-01-10
742,414,3367.59,2026-01-11
743,455,1134.45,2026-01-12
744,586,4330.66,2026-01-13
745,233,2066.4,2026-01-14
746,224,1533.32,2026-01-15
747,994,846.41,2026-01-16
748,831,1404.22,2026-01-17
749,412,207.93,2026-01-18
750,572,2957.96,2026-01-19
751,335,4226.93,2026-01-20
752,222,2790.0,2026-01-21
753,37,1174.44,2026-01-22
754,989,264.98,2026-01-23
755,278,1151.68,2026-01-24
756,196,2138.99,2026-01-25
757,916,3822.1,2026-01-26
758,864,1020.43,2026-01-27
759,484,3626.98,2026-01-28
760,242,4347.97,2026-01-29
761,324,2324.34,2026-01-30
762,731,4125.02,2026-01-31
763,192,2817.82,2026-02-01
764,17,3221.75,2026-02-02
765,524,2678.76,2026-02-03
766,918,2369.55,2026-02-04
767,401,1249.8,2026-02-05
768,906,1585.65,2026-02-06
769,886,1520.85,2026-02-07
770,705,2860.12,2026-02-08
771,22,687.77,2026-02-09
772,474,4592.28,2026-02-10
773,120,3631.21,2026-02-11
774,210,2067.08,2026-02-12
775,306,877.26,2026-02-13
776,270,4421.76,2026-02-14
777,704,4136.51,2026-02-15
778,687,3636.44,2026-02-16
779,285,1430.58,2026-02-17
780,716,2071.99,2026-02-18
781,676,603.47,2026-02-19
782,763,1026.29,2026-02-20
783,227,3936.78,2026-02-21
784,948,3603.69,2026-02-22
785,381,3008.08,2026-02-23
786,460,4489.06,2026-02-24
787,7,2958.01,2026-02-25
788,29,2388.14,2026-02-26
789,907,1767.82,2026-02-27
790,33,4708.2,2026-02-28
791,646,505.31,2026-03-01
792,879,4661.35,2026-03-02
793,79,4150.9,2026-03-03
794,928,736.66,2026-03-04
795,947,2868.42,2026-03-05
796,459,4346.09,2026-03-06
797,570,2901.86,2026-03-07
798,983,4545.28,2026-03-08
799,538,4720.62,2026-03-09
800,482,2169.68,2026-03-10
801,430,1948.84,2026-03-11
802,738,4687.97,2026-03-12
803,285,3408.19,2026-03-13
804,516,668.51,2026-03-14
805,977,307.23,2026-03-15
806,99,2866.68,2026-03-16
807,397,4657.84,2026-03-17
808,489,4236.82,2026-03-18
809,39,3411.65,2026-03-19
810,271,781.67,2026-03-20
811,887,1345.73,2026-03-21
812,797,4390.01,2026-03-22
813,157,995.76,2026-03-23
814,75,1464.35,2026-03-24
815,884,735.04,2026-03-25
816,800,3412.93,2026-03-26
817,130,4725.51,2026-03-27
818,687,1417.94,2026-03-28
819,974,2429.49,2026-03-29
820,84,3208.26,2026-03-30
821,22,4997.38,2026-03-31
822,459,613.56,2026-04-01
823,539,2543.0,2026-04-02
824,707,1987.09,2026-04-03
825,849,4342.52,2026-04-04
826,382,2432.24,2026-04-05
827,748,643.79,2026-04-06
828,440,3208.68,2026-04-07
829,604,3876.83,2026-04-08
830,989,114.12,2026-04-09
831,21,4308.89,2026-04-10
832,303,1011.51,2026-04-11
833,976,2805.14,2026-04-12
834,869,2137.41,2026-04-13
835,955,3626.3,2026-04-14
836,84,1918.69,2026-04-15
837,774,4361.84,2026-04-16
838,659,3679.43,2026-04-17
839,953,3273.79,2026-04-18
840,453,4001.58,2026-04-19
841,387,3794.71,2026-04-20
842,507,276.1,2026-04-21
843,257,2034.2,2026-04-22
844,570,4660.96,2026-04-23
845,892,716.05,2026-04-24
846,934,3711.77,2026-04-25
847,527,4875.5,2026-04-26
848,162,355.77,2026-04-27
849,957,3442.75,2026-04-28
850,163,2393.96,2026-04-29
851,832,2937.96,2026-04-30
852,793,518.17,2026-05-01
853,792,310.73,2026-05-02
854,524,3367.65,2026-05-03
855,786,4134.22,2026-05-04
856,271,3931.88,2026-05-05
857,492,2764.65,2026-05-06
858,208,589.35,2026-05-07
859,539,3471.42,2026-05-08
860,584,1285.26,2026-05-09
861,60,4564.24,2026-05-10
862,430,4207.5,2026-05-11
863,985,3575.98,2026-05-12
864,657,4749.35,2026-05-13
865,605,253.97,2026-05-14
866,309,3707.38,2026-05-15
867,520,1718.19,2026-05-16
868,591,4539.72,2026-05-17
869,27,1406.71,2026-05-18
870,686,3651.8,2026-05-19
871,562,4400.47,2026-05-20
872,199,304.12,2026-05-21
873,387,2048.47,2026-05-22
874,349,3835.31,2026-05-23
875,960,2329.1,2026-05-24
876,940,1409.54,2026-05-25
877,693,1177.05,2026-05-26
878,536,744.44,2026-05-27
879,828,4299.93,2026-05-28
880,378,2919.24,2026-05-29
881,899,474.29,2026-05-30
882,916,1974.64,2026-05-31
883,558,1901.89,2026-06-01
884,527,990.52,2026-06-02
885,153,2233.99,2026-06-03
886,734,1727.29,2026-06-04
887,206,1774.84,2026-06-05
888,455,3721.23,2026-06-06
889,273,1193.99,2026-06-07
890,894,3245.11,2026-06-08
891,236,2896.18,2026-06-09
892,852,2883.65,2026-06-10
893,740,3348.74,2026-06-11
894,521,2787.07,2026-06-12
895,678,4408.35,2026-06-13
896,944,3410.34,2026-06-14
897,956,2780.12,2026-06-15
898,831,4165.84,2026-06-16
899,726,3070.12,2026-06-17
900,501,1526.61,2026-06-18
901,117,1114.77,2026-06-19
902,386,846.41,2026-06-20
903,344,4507.33,2026-06-21
904,584,3579.66,2026-06-22
905,395,4693.15,2026-06-23
906,64,3056.13,2026-06-24
907,717,2419.66,2026-06-25
908,721,392.61,2026-06-26
909,72,3391.05,2026-06-27
910,789,2952.82,2026-06-28
911,274,4952.02,2026-06-29
912,990,1271.88,2026-06-30
913,320,2700.61,2026-07-01
914,338,3289.69,2026-07-02
915,366,3258.5,2026-07-03
916,495,2850.34,2026-07-04
917,607,3906.95,2026-07-05
918,166,1104.41,2026-07-06
919,544,3655.57,2026-07-07
920,11,3136.7,2026-07-08
921,301,4490.77,2026-07-09
922,729,4251.25,2026-07-10
923,801,1644.22,2026-07-11
924,102,1453.56,2026-07-12
925,425,4910.1,2026-07-13
926,392,2683.6,2026-07-14
927,779,4541.46,2026-07-15
928,214,903.02,2026-07-16
929,691,3249.81,2026-07-17
930,88,4068.31,2026-07-18
931,553,4742.24,2026-07-19
932,401,1752.97,2026-07-20
933,588,3652.41,2026-07-21
934,889,2740.18,2026-07-22
935,46,397.08,2026-07-23
936,672,3481.0,2026-07-24
937,463,3481.47,2026-07-25
938,592,4659.97,2026-07-26
939,310,2536.83,2026-07-27
940,86,1228.23,2026-07-28
941,92,318.36,2026-07-29
942,660,2136.65,2026-07-30
943,673,1579.39,2026-07-31
944,714,3829.33,2026-08-01
945,936,1835.91,2026-08-02
946,928,4750.45,2026-08-03
947,242,4815.32,2026-08-04
948,865,3142.45,2026-08-05
949,2,4650.44,2026-08-06
950,225,3828.19,2026-08-07
951,801,2779.61,2026-08-08
952,745,983.51,2026-08-09
953,973,2347.13,2026-08-10
954,926,2848.28,2026-08-11
955,929,4333.41,2026-08-12
956,589,2458.53,2026-08-13
957,116,4498.61,2026-08-14
958,666,3404.31,2026-08-15
959,918,771.3,2026-08-16
960,103,4975.41,2026-08-17
961,194,2683.44,2026-08-18
962,166,2020.11,2026-08-19
963,871,3329.66,2026-08-20
964,90,633.58,2026-08-21
965,686,3219.04,2026-08-22
966,122,2541.36,2026-08-23
967,143,2092.7,2026-08-24
968,994,4769.8,2026-08-25
969,106,2660.44,2026-08-26
970,887,1173.68,2026-08-27
971,428,2348.92,2026-08-28
972,305,4605.0,2026-08-29
973,872,962.87,2026-08-30
974,971,1148.39,2026-08-31
975,317,163.84,2026-09-01
976,963,169.53,2026-09-02
977,635,4164.02,2026-09-03
978,902,3687.4,2026-09-04
979,9,1839.7,2026-09-05
980,774,3521.72,2026-09-06
981,73,2036.51,2026-09-07
982,359,4769.19,2026-09-08
983,223,4838.56,2026-09-09
984,416,2024.69,2026-09-10
985,553,4285.69,2026-09-11
986,370,3888.14,2026-09-12
987,716,1619.0,2026-09-13
988,264,1237.0,2026-09-14
989,840,2345.35,2026-09-15
990,690,3928.61,2026-09-16
991,860,4804.82,2026-09-17
992,318,3841.54,2026-09-18
993,84,4290.51,2026-09-19
994,318,3055.02,2026-09-20
995,111,4193.5,2026-09-21
996,251,3943.66,2026-09-22
997,383,1947.23,2026-09-23
998,7,2804.75,2026-09-24
999,459,4043.29,2026-09-25
1000,84,325.68,2026-09-26
1001,208,4059.59,2026-09-27
1002,900,971.65,2026-09-28
1003,390,2621.95,2026-09-29
1004,314,4060.55,2026-09-30
1005,22,1343.72,2026-10-01
1006,410,1304.46,2026-10-02
1007,895,2073.55,2026-10-03
1008,515,4483.75,2026-10-04
1009,127,102.17,2026-10-05
1010,809,4516.78,2026-10-06
1011,700,853.65,2026-10-07
1012,874,4951.42,2026-10-08
1013,14,4778.75,2026-10-09
1014,971,2523.91,2026-10-10
1015,978,2612.33,2026-10-11
1016,12,2459.59,2026-10-12
1017,87,3213.67,2026-10-13
1018,524,544.54,2026-10-14
1019,909,259.83,2026-10-15
1020,537,382.74,2026-10-16
1021,301,2277.39,2026-10-17
1022,243,1450.18,2026-10-18
1023,122,3147.99,2026-10-19
1024,147,4962.97,2026-10-20
1025,567,1992.98,2026-10-21
1026,750,2911.82,2026-10-22
1027,356,2136.46,2026-10-23
1028,685,4251.63,2026-10-24
1029,904,4520.96,2026-10-25
1030,733,4399.04,2026-10-26
1031,631,4874.42,2026-10-27
1032,309,234.84,2026-10-28
1033,695,4215.1,2026-10-29
1034,288,3783.68,2026-10-30
1035,307,1220.6,2026-10-31
1036,812,4785.97,2026-11-01
1037,594,826.07,2026-11-02
1038,966,3429.79,2026-11-03
1039,914,1201.96,2026-11-04
1040,723,2213.77,2026-11-05
1041,662,3623.88,2026-11-06
1042,549,2860.29,2026-11-07
1043,352,2194.76,2026-11-08
1044,312,1699.06,2026-11-09
1045,873,4214.33,2026-11-10
1046,59,804.69,2026-11-11
1047,643,2207.5,2026-11-12
1048,924,4528.41,2026-11-13
1049,714,4244.66,2026-11-14
1050,755,2064.61,2026-11-15
1051,35,3839.23,2026-11-16
1052,445,4133.49,2026-11-17
1053,93,4455.55,2026-11-18
1054,950,2768.08,2026-11-19
1055,959,1101.86,2026-11-20
1056,207,1351.01,2026-11-21
1057,353,1548.9,2026-11-22
1058,903,3009.63,2026-11-23
1059,332,260.77,2026-11-24
1060,817,3216.61,2026-11-25
1061,862,1885.34,2026-11-26
1062,725,1546.68,2026-11-27
1063,159,4409.53,2026-11-28
1064,954,2354.01,2026-11-29
1065,957,565.76,2026-11-30
1066,24,4151.06,2026-12-01
1067,404,333.44,2026-12-02
1068,805,3661.07,2026-12-03
1069,516,3892.14,2026-12-04
1070,732,1827.75,2026-12-05
1071,364,4141.46,2026-12-06
1072,382,2626.73,2026-12-07
1073,532,2370.14,2026-12-08
1074,956,322.48,2026-12-09
1075,152,1521.14,2026-12-10
1076,562,4661.95,2026-12-11
1077,689,2019.94,2026-12-12
1078,947,2778.83,2026-12-13
1079,608,2706.91,2026-12-14
1080,617,2993.11,2026-12-15
1081,420,400.52,2026-12-16
1082,250,1874.66,2026-12-17
1083,117,3643.33,2026-12-18
1084,866,1082.75,2026-12-19
1085,512,1097.53,2026-12-20
1086,740,149.44,2026-12-21
1087,578,2243.66,2026-12-22
1088,335,4425.4,2026-12-23
1089,418,354.31,2026-12-24
1090,932,1036.48,2026-12-25
1091,774,1619.41,2026-12-26
1092,295,3685.45,2026-12-27
1093,938,3239.11,2026-12-28
1094,755,2138.13,2026-12-29
1095,371,3819.44,2026-12-30
1096,186,3087.19,2026-12-31
1097,246,4490.6,2027-01-01
1098,637,4108.33,2027-01-02
1099,268,1338.79,2027-01-03
1100,643,1430.05,2027-01-04
1101,237,714.25,2027-01-05
1102,530,1751.13,2027-01-06
1103,552,4997.77,2027-01-07
1104,21,2088.18,2027-01-08
1105,911,1180.39,2027-01-09
1106,737,3836.17,2027-01-10
1107,867,2758.11,2027-01-11
1108,794,833.05,2027-01-12
1109,520,1965.38,2027-01-13
1110,100,2130.9,2027-01-14
1111,752,3793.77,2027-01-15
1112,478,201.29,2027-01-16
1113,599,1418.2,2027-01-17
1114,298,2636.22,2027-01-18
1115,940,1417.35,2027-01-19
1116,526,3179.33,2027-01-20
1117,334,2461.15,2027-01-21
1118,2,1872.38,2027-01-22
1119,375,4751.12,2027-01-23
1120,293,3197.58,2027-01-24
1121,837,736.71,2027-01-25
1122,934,2844.45,2027-01-26
1123,553,3925.59,2027-01-27
1124,318,3571.6,2027-01-28
1125,502,943.24,2027-01-29
1126,828,4864.86,2027-01-30
1127,381,2299.19,2027-01-31
1128,623,879.22,2027-02-01
1129,14,982.96,2027-02-02
1130,504,581.35,2027-02-03
1131,231,4037.24,2027-02-04
1132,985,697.95,2027-02-05
1133,84,713.11,2027-02-06
1134,130,4267.31,2027-02-07
1135,743,1788.56,2027-02-08
1136,838,251.2,2027-02-09
1137,145,354.29,2027-02-10
1138,891,796.64,2027-02-11
1139,857,1145.63,2027-02-12
1140,28,3359.22,2027-02-13
1141,66,870.9,2027-02-14
1142,163,682.48,2027-02-15
1143,229,3847.12,2027-02-16
1144,261,3388.17,2027-02-17
1145,449,2233.09,2027-02-18
1146,424,2791.62,2027-02-19
1147,460,1628.72,2027-02-20
1148,952,2464.25,2027-02-21
1149,676,2582.7,2027-02-22
1150,301,1997.46,2027-02-23
1151,919,4542.2,2027-02-24
1152,303,178.7,2027-02-25
1153,287,3932.64,2027-02-26
1154,395,709.48,2027-02-27
1155,10,4007.98,2027-02-28
1156,707,3117.97,2027-03-01
1157,630,4232.06,2027-03-02
1158,270,577.82,2027-03-03
1159,592,2839.01,2027-03-04
1160,970,2555.33,2027-03-05
1161,605,3560.35,2027-03-06
1162,778,2718.02,2027-03-07
1163,844,2749.6,2027-03-08
1164,862,2205.02,2027-03-09
1165,361,1613.29,2027-03-10
1166,257,2463.1,2027-03-11
1167,133,680.61,2027-03-12
1168,276,4811.42,2027-03-13
1169,776,3600.61,2027-03-14
1170,683,4767.09,2027-03-15
1171,972,1210.96,2027-03-16
1172,513,4408.77,2027-03-17
1173,313,4063.07,2027-03-18
1174,576,3418.05,2027-03-19
1175,886,3162.64,2027-03-20
1176,980,1651.09,2027-03-21
1177,284,4100.41,2027-03-22
1178,121,2557.43,2027-03-23
1179,107,447.37,2027-03-24
1180,933,1633.03,2027-03-25
1181,687,4682.96,2027-03-26
1182,997,4268.33,2027-03-27
1183,204,4911.34,2027-03-28
1184,165,3177.17,2027-03-29
1185,305,1312.8,2027-03-30
1186,497,897.79,2027-03-31
1187,632,1015.88,2027-04-01
1188,556,197.0,2027-04-02
1189,824,2014.34,2027-04-03
1190,156,1038.0,2027-04-04
1191,367,2117.11,2027-04-05
1192,719,4681.47,2027-04-06
1193,902,2209.65,2027-04-07
1194,620,4402.12,2027-04-08
1195,251,3066.97,2027-04-09
1196,957,1310.94,2027-04-10
1197,916,1843.69,2027-04-11
1198,882,511.21,2027-04-12
1199,334,1733.97,2027-04-13
1200,642,3419.95,2027-04-14
1201,969,453.34,2027-04-15
1202,511,1106.47,2027-04-16
1203,293,1969.06,2027-04-17
1204,20,4912.04,2027-04-18
1205,282,3945.82,2027-04-19
1206,797,3694.09,2027-04-20
1207,1,669.34,2027-04-21
1208,119,3926.88,2027-04-22
1209,35,3947.82,2027-04-23
1210,198,3045.4,2027-04-24
1211,485,4952.77,2027-04-25
1212,757,1693.74,2027-04-26
1213,59,4712.23,2027-04-27
1214,837,4582.18,2027-04-28
1215,161,156.26,2027-04-29
1216,691,2305.57,2027-04-30
1217,206,4887.81,2027-05-01
1218,12,605.29,2027-05-02
1219,490,2784.15,2027-05-03
1220,276,4896.89,2027-05-04
1221,693,2821.93,2027-05-05
1222,242,1030.09,2027-05-06
1223,216,2952.7,2027-05-07
1224,251,1101.76,2027-05-08
1225,811,2646.55,2027-05-09
1226,126,462.81,2027-05-10
1227,994,3066.87,2027-05-11
1228,217,2632.27,2027-05-12
1229,306,3726.79,2027-05-13
1230,797,3190.43,2027-05-14
1231,185,2793.07,2027-05-15
1232,39,3479.92,2027-05-16
1233,223,805.32,2027-05-17
1234,184,3017.26,2027-05-18
1235,495,943.34,2027-05-19
1236,427,4635.06,2027-05-20
1237,178,434.84,2027-05-21
1238,919,2208.84,2027-05-22
1239,428,3509.41,2027-05-23
1240,294,2344.31,2027-05-24
1241,852,551.27,2027-05-25
1242,151,2811.56,2027-05-26
1243,384,3244.0,2027-05-27
1244,638,3548.58,2027-05-28
1245,813,1928.97,2027-05-29
1246,308,2861.93,2027-05-30
1247,336,2308.36,2027-05-31
1248,946,3393.07,2027-06-01
1249,746,2959.43,2027-06-02
1250,892,2676.21,2027-06-03
1251,375,1322.67,2027-06-04
1252,8,109.89,2027-06-05
1253,341,953.0,2027-06-06
1254,129,673.62,2027-06-07
1255,776,2300.52,2027-06-08
1256,669,3100.06,2027-06-09
1257,352,1144.12,2027-06-10
1258,358,4701.38,2027-06-11
1259,517,132.74,2027-06-12
1260,495,3884.27,2027-06-13
1261,86,3163.5,2027-06-14
1262,175,1930.42,2027-06-15
1263,802,347.4,2027-06-16
1264,193,3174.68,2027-06-17
1265,311,1989.51,2027-06-18
1266,119,4687.71,2027-06-19
1267,218,2755.75,2027-06-20
1268,427,4704.29,2027-06-21
1269,970,1180.37,2027-06-22
1270,414,3656.06,2027-06-23
1271,114,3124.52,2027-06-24
1272,978,3723.1,2027-06-25
1273,145,1151.87,2027-06-26
1274,538,3358.47,2027-06-27
1275,648,2540.4,2027-06-28
1276,303,3739.84,2027-06-29
1277,744,1702.52,2027-06-30
1278,881,4461.28,2027-07-01
1279,588,513.08,2027-07-02
1280,987,4055.23,2027-07-03
1281,840,4320.47,2027-07-04
1282,345,4104.54,2027-07-05
1283,814,2612.36,2027-07-06
1284,964,2248.09,2027-07-07
1285,801,4981.69,2027-07-08
1286,1,1222.94,2027-07-09
1287,147,2779.69,2027-07-10
1288,287,3386.31,2027-07-11
1289,976,3534.25,2027-07-12
1290,654,1099.72,2027-07-13
1291,53,3304.57,2027-07-14
1292,304,4110.01,2027-07-15
1293,69,345.09,2027-07-16
1294,361,4566.45,2027-07-17
1295,602,244.57,2027-07-18
1296,958,1844.26,2027-07-19
1297,220,177.48,2027-07-20
1298,962,478.01,2027-07-21
1299,704,4564.72,2027-07-22
1300,966,1838.82,2027-07-23
1301,575,2181.38,2027-07-24
1302,585,1155.19,2027-07-25
1303,161,3025.77,2027-07-26
1304,681,3014.54,2027-07-27
1305,89,1923.78,2027-07-28
1306,688,1731.87,2027-07-29
1307,781,4436.33,2027-07-30
1308,585,1978.09,2027-07-31
1309,757,2518.15,2027-08-01
1310,589,1488.19,2027-08-02
1311,159,3955.17,2027-08-03
1312,489,2047.5,2027-08-04
1313,971,2616.69,2027-08-05
1314,324,1341.45,2027-08-06
1315,610,4939.53,2027-08-07
1316,381,1528.33,2027-08-08
1317,102,3876.64,2027-08-09
1318,494,2194.73,2027-08-10
1319,644,1110.47,2027-08-11
1320,614,4018.62,2027-08-12
1321,19,1734.67,2027-08-13
1322,454,4339.45,2027-08-14
1323,482,4584.76,2027-08-15
1324,594,4313.14,2027-08-16
1325,397,271.54,2027-08-17
1326,279,3958.13,2027-08-18
1327,851,2115.56,2027-08-19
1328,365,4381.24,2027-08-20
1329,331,3225.98,2027-08-21
1330,641,4184.85,2027-08-22
1331,344,2547.22,2027-08-23
1332,822,2721.62,2027-08-24
1333,455,807.5,2027-08-25
1334,601,3941.54,2027-08-26
1335,725,2155.01,2027-08-27
1336,655,2550.39,2027-08-28
1337,65,3946.98,2027-08-29
1338,76,3034.34,2027-08-30
1339,711,1085.38,2027-08-31
1340,143,2992.14,2027-09-01
1341,917,2097.4,2027-09-02
1342,915,2400.68,2027-09-03
1343,828,238.73,2027-09-04
1344,605,1129.14,2027-09-05
1345,473,1477.09,2027-09-06
1346,417,3593.5,2027-09-07
1347,305,156.31,2027-09-08
1348,736,2103.01,2027-09-09
1349,497,4627.73,2027-09-10
1350,291,648.22,2027-09-11
1351,940,2630.48,2027-09-12
1352,102,3953.96,2027-09-13
1353,986,4718.4,2027-09-14
1354,267,3759.21,2027-09-15
1355,867,3630.77,2027-09-16
1356,968,4149.79,2027-09-17
1357,622,2286.39,2027-09-18
1358,974,4048.64,2027-09-19
1359,842,139.03,2027-09-20
1360,962,4630.35,2027-09-21
1361,942,2272.2,2027-09-22
1362,777,2811.56,2027-09-23
1363,3,1348.92,2027-09-24
1364,85,3738.4,2027-09-25
1365,794,475.52,2027-09-26
1366,328,4375.92,2027-09-27
1367,816,4157.77,2027-09-28
1368,450,1158.69,2027-09-29
1369,454,4065.69,2027-09-30
1370,924,3953.15,2027-10-01
1371,629,3197.86,2027-10-02
1372,221,1930.25,2027-10-03
1373,154,1430.34,2027-10-04
1374,665,1235.74,2027-10-05
1375,12,1661.18,2027-10-06
1376,133,4527.44,2027-10-07
1377,994,480.44,2027-10-08
1378,304,4161.47,2027-10-09
1379,293,1809.56,2027-10-10
1380,975,2655.84,2027-10-11
1381,300,3992.98,2027-10-12
1382,740,4433.45,2027-10-13
1383,783,1789.43,2027-10-14
1384,43,2363.03,2027-10-15
1385,944,2131.13,2027-10-16
1386,343,164.93,2027-10-17
1387,326,1550.12,2027-10-18
1388,814,2350.03,2027-10-19
1389,498,2114.36,2027-10-20
1390,364,3637.45,2027-10-21
1391,891,1985.54,2027-10-22
1392,427,2497.94,2027-10-23
1393,21,2205.08,2027-10-24
1394,407,3729.07,2027-10-25
1395,619,4328.56,2027-10-26
1396,336,2706.26,2027-10-27
1397,815,3968.22,2027-10-28
1398,117,1554.25,2027-10-29
1399,124,2752.71,2027-10-30
1400,399,1791.63,2027-10-31
1401,793,2129.58,2027-11-01
1402,804,3688.83,2027-11-02
1403,715,4420.15,2027-11-03
1404,51,695.33,2027-11-04
1405,783,3209.73,2027-11-05
1406,324,2952.5,2027-11-06
1407,789,680.23,2027-11-07
1408,141,1138.28,2027-11-08
1409,470,1623.91,2027-11-09
1410,787,917.96,2027-11-10
1411,802,1294.27,2027-11-11
1412,334,1411.24,2027-11-12
1413,893,1744.8,2027-11-13
1414,964,3772.01,2027-11-14
1415,373,2902.37,2027-11-15
1416,564,4932.61,2027-11-16
1417,494,2132.21,2027-11-17
1418,539,3793.94,2027-11-18
1419,669,4370.2,2027-11-19
1420,751,3426.99,2027-11-20
1421,156,2118.14,2027-11-21
1422,291,3792.61,2027-11-22
1423,648,1097.97,2027-11-23
1424,144,1705.01,2027-11-24
1425,106,2778.76,2027-11-25
1426,420,2919.51,2027-11-26
1427,670,208.49,2027-11-27
1428,658,4731.06,2027-11-28
1429,2,3513.47,2027-11-29
1430,945,2528.95,2027-11-30
1431,589,4672.32,2027-12-01
1432,644,2251.57,2027-12-02
1433,90,4904.13,2027-12-03
1434,345,2610.2,2027-12-04
1435,350,660.0,2027-12-05
1436,459,3847.52,2027-12-06
1437,263,3426.6,2027-12-07
1438,351,3887.63,2027-12-08
1439,108,4762.07,2027-12-09
1440,586,3904.8,2027-12-10
1441,39,3095.55,2027-12-11
1442,909,4300.81,2027-12-12
1443,159,3398.91,2027-12-13
1444,583,2099.78,2027-12-14
1445,959,4439.54,2027-12-15
1446,312,1187.31,2027-12-16
1447,241,3601.74,2027-12-17
1448,938,4419.66,2027-12-18
1449,445,3683.45,2027-12-19
1450,298,3516.65,2027-12-20
1451,952,3787.93,2027-12-21
1452,36,2378.77,2027-12-22
1453,84,4383.44,2027-12-23
1454,452,1096.84,2027-12-24
1455,886,724.19,2027-12-25
1456,775,1498.99,2027-12-26
1457,822,2704.73,2027-12-27
1458,385,2601.75,2027-12-28
1459,172,4120.93,2027-12-29
1460,376,2082.39,2027-12-30
1461,685,2473.29,2027-12-31
1462,362,165.5,2028-01-01
1463,559,2107.72,2028-01-02
1464,891,3274.09,2028-01-03
1465,141,175.99,2028-01-04
1466,887,1476.32,2028-01-05
1467,918,1118.99,2028-01-06
1468,118,305.73,2028-01-07
1469,277,2448.37,2028-01-08
1470,726,990.44,2028-01-09
1471,220,3741.1,2028-01-10
1472,905,4254.85,2028-01-11
1473,26,2773.37,2028-01-12
1474,521,4910.37,2028-01-13
1475,783,2307.35,2028-01-14
1476,10,2615.5,2028-01-15
1477,984,4947.17,2028-01-16
1478,378,1234.59,2028-01-17
1479,633,4718.48,2028-01-18
1480,637,309.9,2028-01-19
1481,682,2287.3,2028-01-20
1482,584,443.02,2028-01-21
1483,152,3673.25,2028-01-22
1484,720,3081.2,2028-01-23
1485,49,3562.51,2028-01-24
1486,154,1934.95,2028-01-25
1487,859,1910.46,2028-01-26
1488,293,322.06,2028-01-27
1489,580,1814.73,2028-01-28
1490,50,4653.51,2028-01-29
1491,664,1958.21,2028-01-30
1492,531,4173.7,2028-01-31
1493,612,4227.39,2028-02-01
1494,60,1928.88,2028-02-02
1495,167,3196.74,2028-02-03
1496,202,567.32,2028-02-04
1497,857,608.03,2028-02-05
1498,146,338.42,2028-02-06
1499,915,2946.97,2028-02-07
1500,676,2187.75,2028-02-08
1501,970,2785.36,2028-02-09
1502,993,2653.26,2028-02-10
1503,439,1815.99,2028-02-11
1504,242,3419.62,2028-02-12
1505,581,3816.66,2028-02-13
1506,687,171.68,2028-02-14
1507,561,1115.49,2028-02-15
1508,483,3594.86,2028-02-16
1509,108,1994.44,2028-02-17
1510,226,3346.17,2028-02-18
1511,673,1800.12,2028-02-19
1512,631,2014.7,2028-02-20
1513,661,877.53,2028-02-21
1514,977,1365.33,2028-02-22
1515,662,3066.52,2028-02-23
1516,432,2222.5,2028-02-24
1517,805,3894.08,2028-02-25
1518,655,4277.67,2028-02-26
1519,419,2754.07,2028-02-27
1520,988,3815.51,2028-02-28
1521,455,1603.83,2028-02-29
1522,160,2133.36,2028-03-01
1523,523,3592.61,2028-03-02
1524,650,1992.44,2028-03-03
1525,969,2983.67,2028-03-04
1526,590,1008.33,2028-03-05
1527,77,3038.88,2028-03-06
1528,509,4321.42,2028-03-07
1529,441,4356.33,2028-03-08
1530,254,3649.29,2028-03-09
1531,921,3754.19,2028-03-10
1532,770,2833.84,2028-03-11
1533,320,2964.87,2028-03-12
1534,803,754.89,2028-03-13
1535,263,2274.91,2028-03-14
1536,597,2308.8,2028-03-15
1537,658,4796.64,2028-03-16
1538,835,2212.33,2028-03-17
1539,554,2791.78,2028-03-18
1540,374,2712.93,2028-03-19
1541,637,3220.13,2028-03-20
1542,167,3766.34,2028-03-21
1543,937,1202.71,2028-03-22
1544,753,2690.75,2028-03-23
1545,459,4147.0,2028-03-24
1546,999,2369.26,2028-03-25
1547,280,1464.44,2028-03-26
1548,700,3308.07,2028-03-27
1549,302,4136.46,2028-03-28
1550,531,409.39,2028-03-29
1551,580,3906.27,2028-03-30
1552,218,4126.07,2028-03-31
1553,102,2361.46,2028-04-01
1554,554,4918.2,2028-04-02
1555,288,3954.87,2028-04-03
1556,167,3890.95,2028-04-04
1557,621,3764.41,2028-04-05
1558,36,837.98,2028-04-06
1559,744,1164.43,2028-04-07
1560,741,2373.55,2028-04-08
1561,353,1393.62,2028-04-09
1562,676,2134.68,2028-04-10
1563,899,4453.47,2028-04-11
1564,73,4139.2,2028-04-12
1565,648,3187.2,2028-04-13
1566,353,4304.79,2028-04-14
1567,891,3940.48,2028-04-15
1568,70,2202.03,2028-04-16
1569,425,1085.22,2028-04-17
1570,999,2619.59,2028-04-18
1571,708,3707.52,2028-04-19
1572,781,2238.46,2028-04-20
1573,561,3367.18,2028-04-21
1574,828,562.2,2028-04-22
1575,642,3765.22,2028-04-23
1576,956,4082.3,2028-04-24
1577,517,3563.51,2028-04-25
1578,428,4839.59,2028-04-26
1579,539,4150.6,2028-04-27
1580,160,4525.16,2028-04-28
1581,149,4674.5,2028-04-29
1582,776,4026.61,2028-04-30
1583,230,3403.87,2028-05-01
1584,712,128.02,2028-05-02
1585,562,2382.55,2028-05-03
1586,67,2898.7,2028-05-04
1587,812,1589.75,2028-05-05
1588,381,1658.71,2028-05-06
1589,58,4809.68,2028-05-07
1590,259,4469.38,2028-05-08
1591,342,4260.98,2028-05-09
1592,838,2089.46,2028-05-10
1593,130,167.12,2028-05-11
1594,727,493.09,2028-05-12
1595,172,1629.76,2028-05-13
1596,770,177.14,2028-05-14
1597,614,184.03,2028-05-15
1598,209,4591.36,2028-05-16
1599,803,3560.18,2028-05-17
1600,354,1613.88,2028-05-18
1601,471,749.96,2028-05-19
1602,798,2607.02,2028-05-20
1603,116,126.2,2028-05-21
1604,264,4698.23,2028-05-22
1605,662,2132.59,2028-05-23
1606,812,2071.44,2028-05-24
1607,442,2013.91,2028-05-25
1608,548,439.71,2028-05-26
1609,453,3227.78,2028-05-27
1610,845,3691.72,2028-05-28
1611,477,3413.01,2028-05-29
1612,287,778.33,2028-05-30
1613,303,2936.32,2028-05-31
1614,311,2890.47,2028-06-01
1615,208,4355.21,2028-06-02
1616,618,1957.73,2028-06-03
1617,446,1920.28,2028-06-04
1618,670,3130.78,2028-06-05
1619,633,3202.06,2028-06-06
1620,55,2399.5,2028-06-07
1621,912,2270.99,2028-06-08
1622,12,2521.32,2028-06-09
1623,657,4319.12,2028-06-10
1624,400,2359.72,2028-06-11
1625,908,4705.67,2028-06-12
1626,648,2569.62,2028-06-13
1627,980,4751.08,2028-06-14
1628,515,4180.88,2028-06-15
1629,656,1875.91,2028-06-16
1630,542,4331.84,2028-06-17
1631,237,639.31,2028-06-18
1632,279,4632.73,2028-06-19
1633,348,3195.05,2028-06-20
1634,627,366.51,2028-06-21
1635,104,3256.86,2028-06-22
1636,630,4873.81,2028-06-23
1637,517,442.02,2028-06-24
1638,980,2817.97,2028-06-25
1639,872,3764.19,2028-06-26
1640,248,4070.27,2028-06-27
1641,364,2127.75,2028-06-28
1642,321,1100.42,2028-06-29
1643,633,307.48,2028-06-30
1644,286,2940.66,2028-07-01
1645,149,2319.26,2028-07-02
1646,84,4748.85,2028-07-03
1647,966,396.96,2028-07-04
1648,406,3458.44,2028-07-05
1649,978,222.33,2028-07-06
1650,456,940.03,2028-07-07
1651,743,2322.54,2028-07-08
1652,800,2328.87,2028-07-09
1653,161,3459.93,2028-07-10
1654,784,4560.04,2028-07-11
1655,460,3231.26,2028-07-12
1656,550,4772.32,2028-07-13
1657,500,4419.92,2028-07-14
1658,738,2964.05,2028-07-15
1659,509,4185.58,2028-07-16
1660,654,3248.63,2028-07-17
1661,804,484.93,2028-07-18
1662,481,3728.77,2028-07-19
1663,663,565.05,2028-07-20
1664,114,3011.01,2028-07-21
1665,749,3542.94,2028-07-22
1666,578,425.99,2028-07-23
1667,361,1230.89,2028-07-24
1668,341,4586.79,2028-07-25
1669,770,3119.94,2028-07-26
1670,987,1306.8,2028-07-27
1671,761,3484.33,2028-07-28
1672,969,3024.2,2028-07-29
1673,449,2557.72,2028-07-30
1674,843,4883.32,2028-07-31
1675,835,3448.92,2028-08-01
1676,180,1939.66,2028-08-02
1677,702,4020.36,2028-08-03
1678,407,4434.46,2028-08-04
1679,666,713.58,2028-08-05
1680,196,1082.71,2028-08-06
1681,466,1159.51,2028-08-07
1682,311,3486.94,2028-08-08
1683,262,3054.89,2028-08-09
1684,419,3133.06,2028-08-10
1685,406,4709.79,2028-08-11
1686,939,3901.97,2028-08-12
1687,143,726.89,2028-08-13
1688,342,1802.78,2028-08-14
1689,316,2233.43,2028-08-15
1690,101,2040.21,2028-08-16
1691,244,3379.61,2028-08-17
1692,490,4470.28,2028-08-18
1693,12,1599.65,2028-08-19
1694,239,2804.2,2028-08-20
1695,561,3968.11,2028-08-21
1696,42,2139.47,2028-08-22
1697,678,923.78,2028-08-23
1698,594,2427.26,2028-08-24
1699,429,370.59,2028-08-25
1700,803,4717.68,2028-08-26
1701,158,466.62,2028-08-27
1702,216,2248.44,2028-08-28
1703,670,2696.42,2028-08-29
1704,462,4927.99,2028-08-30
1705,134,913.51,2028-08-31
1706,67,660.71,2028-09-01
1707,848,142.66,2028-09-02
1708,7,862.3,2028-09-03
1709,948,1115.64,2028-09-04
1710,526,3189.85,2028-09-05
1711,73,1176.56,2028-09-06
1712,399,200.55,2028-09-07
1713,405,4150.43,2028-09-08
1714,675,1891.42,2028-09-09
1715,578,1833.11,2028-09-10
1716,859,1582.15,2028-09-11
1717,130,4879.33,2028-09-12
1718,931,933.57,2028-09-13
1719,466,4501.37,2028-09-14
1720,206,3906.34,2028-09-15
1721,788,474.75,2028-09-16
1722,978,4934.97,2028-09-17
1723,768,1429.69,2028-09-18
1724,266,583.06,2028-09-19
1725,537,4163.64,2028-09-20
1726,962,3562.71,2028-09-21
1727,793,3124.37,2028-09-22
1728,253,864.31,2028-09-23
1729,822,2444.63,2028-09-24
1730,289,3924.72,2028-09-25
1731,164,1587.76,2028-09-26
1732,95,1627.28,2028-09-27
1733,782,115.39,2028-09-28
1734,833,953.79,2028-09-29
1735,110,4389.49,2028-09-30
1736,336,2264.56,2028-10-01
1737,822,4922.75,2028-10-02
1738,238,2038.97,2028-10-03
1739,381,3604.41,2028-10-04
1740,436,1481.4,2028-10-05
1741,899,1882.67,2028-10-06
1742,483,1034.56,2028-10-07
1743,937,1800.61,2028-10-08
1744,902,2781.46,2028-10-09
1745,25,4959.69,2028-10-10
1746,653,3354.59,2028-10-11
1747,117,1076.31,2028-10-12
1748,482,320.31,2028-10-13
1749,392,719.15,2028-10-14
1750,917,2856.52,2028-10-15
1751,994,3849.29,2028-10-16
1752,964,4708.05,2028-10-17
1753,537,177.53,2028-10-18
1754,79,2661.52,2028-10-19
1755,580,2407.25,2028-10-20
1756,173,3314.67,2028-10-21
1757,956,2841.94,2028-10-22
1758,12,3466.49,2028-10-23
1759,800,3324.6,2028-10-24
1760,128,673.36,2028-10-25
1761,608,4018.62,2028-10-26
1762,92,703.84,2028-10-27
1763,653,3522.8,2028-10-28
1764,543,2139.11,2028-10-29
1765,846,2617.87,2028-10-30
1766,532,4526.16,2028-10-31
1767,658,4460.43,2028-11-01
1768,989,4107.5,2028-11-02
1769,828,2599.73,2028-11-03
1770,447,3707.58,2028-11-04
1771,390,2613.2,2028-11-05
1772,672,4361.07,2028-11-06
1773,861,2073.6,2028-11-07
1774,43,4854.15,2028-11-08
1775,254,4668.38,2028-11-09
1776,130,3733.85,2028-11-10
1777,60,1469.14,2028-11-11
1778,663,745.1,2028-11-12
1779,467,4288.05,2028-11-13
1780,287,909.98,2028-11-14
1781,517,4285.88,2028-11-15
1782,467,2504.75,2028-11-16
1783,930,2092.13,2028-11-17
1784,778,4525.63,2028-11-18
1785,345,3058.87,2028-11-19
1786,642,2925.41,2028-11-20
1787,382,2837.95,2028-11-21
1788,779,1918.73,2028-11-22
1789,690,3949.65,2028-11-23
1790,253,1338.71,2028-11-24
1791,927,4700.59,2028-11-25
1792,56,4480.53,2028-11-26
1793,463,1753.65,2028-11-27
1794,457,3674.37,2028-11-28
1795,983,2908.79,2028-11-29
1796,83,1754.48,2028-11-30
1797,905,4943.76,2028-12-01
1798,99,223.66,2028-12-02
1799,149,1337.97,2028-12-03
1800,329,2648.36,2028-12-04
1801,156,2657.57,2028-12-05
1802,190,2985.77,2028-12-06
1803,494,3783.21,2028-12-07
1804,883,3155.04,2028-12-08
1805,263,3041.38,2028-12-09
1806,80,362.22,2028-12-10
1807,400,1945.0,2028-12-11
1808,764,1237.07,2028-12-12
1809,609,1400.31,2028-12-13
1810,260,2816.25,2028-12-14
1811,772,1077.58,2028-12-15
1812,615,1540.35,2028-12-16
1813,552,1261.72,2028-12-17
1814,785,4747.66,2028-12-18
1815,101,4728.86,2028-12-19
1816,359,3088.71,2028-12-20
1817,380,4630.16,2028-12-21
1818,820,3950.48,2028-12-22
1819,221,2990.74,2028-12-23
1820,820,131.53,2028-12-24
1821,420,3885.33,2028-12-25
1822,124,3542.19,2028-12-26
1823,422,3114.74,2028-12-27
1824,231,3826.08,2028-12-28
1825,690,2613.32,2028-12-29
1826,63,3550.01,2028-12-30
1827,485,4682.34,2028-12-31
1828,628,1941.44,2029-01-01
1829,703,3569.8,2029-01-02
1830,574,2430.87,2029-01-03
1831,768,3404.56,2029-01-04
1832,483,3838.18,2029-01-05
1833,519,322.72,2029-01-06
1834,155,3268.34,2029-01-07
1835,92,1211.03,2029-01-08
1836,982,3383.16,2029-01-09
1837,526,2394.82,2029-01-10
1838,455,3890.41,2029-01-11
1839,741,704.66,2029-01-12
1840,598,3168.98,2029-01-13
1841,645,1464.51,2029-01-14
1842,510,4279.61,2029-01-15
1843,183,4649.08,2029-01-16
1844,386,4982.35,2029-01-17
1845,574,4000.44,2029-01-18
1846,731,3793.3,2029-01-19
1847,405,1155.95,2029-01-20
1848,246,1746.43,2029-01-21
1849,742,2381.84,2029-01-22
1850,591,3889.57,2029-01-23
1851,661,4583.33,2029-01-24
1852,650,1026.78,2029-01-25
1853,471,4619.6,2029-01-26
1854,826,3508.56,2029-01-27
1855,888,3092.78,2029-01-28
1856,423,1079.22,2029-01-29
1857,901,372.07,2029-01-30
1858,65,2885.48,2029-01-31
1859,13,3292.43,2029-02-01
1860,213,1132.83,2029-02-02
1861,986,2826.64,2029-02-03
1862,242,4296.82,2029-02-04
1863,493,4191.82,2029-02-05
1864,213,4644.04,2029-02-06
1865,693,1892.84,2029-02-07
1866,338,1658.44,2029-02-08
1867,997,3772.19,2029-02-09
1868,173,2212.45,2029-02-10
1869,672,528.99,2029-02-11
1870,164,1485.73,2029-02-12
1871,465,2151.05,2029-02-13
1872,995,1533.33,2029-02-14
1873,497,1727.81,2029-02-15
1874,700,1539.5,2029-02-16
1875,395,303.35,2029-02-17
1876,703,3221.76,2029-02-18
1877,917,3026.73,2029-02-19
1878,308,3301.58,2029-02-20
1879,768,1042.32,2029-02-21
1880,183,1548.71,2029-02-22
1881,629,3136.12,2029-02-23
1882,794,3038.18,2029-02-24
1883,510,2581.02,2029-02-25
1884,708,1817.02,2029-02-26
1885,546,4573.36,2029-02-27
1886,564,1764.87,2029-02-28
1887,624,2332.53,2029-03-01
1888,764,3422.76,2029-03-02
1889,594,2760.81,2029-03-03
1890,744,1799.74,2029-03-04
1891,227,2234.66,2029-03-05
1892,745,3992.96,2029-03-06
1893,733,1462.83,2029-03-07
1894,436,797.05,2029-03-08
1895,925,1634.5,2029-03-09
1896,422,4262.72,2029-03-10
1897,554,536.05,2029-03-11
1898,21,4959.31,2029-03-12
1899,554,2750.91,2029-03-13
1900,397,4925.74,2029-03-14
1901,625,4701.08,2029-03-15
1902,105,2318.79,2029-03-16
1903,192,1072.61,2029-03-17
1904,17,907.94,2029-03-18
1905,120,1275.95,2029-03-19
1906,393,3579.65,2029-03-20
1907,425,1437.45,2029-03-21
1908,129,1772.98,2029-03-22
1909,130,2299.02,2029-03-23
1910,572,4574.84,2029-03-24
1911,560,1028.03,2029-03-25
1912,29,124.63,2029-03-26
1913,97,394.47,2029-03-27
1914,10,4533.36,2029-03-28
1915,242,3272.83,2029-03-29
1916,826,1437.9,2029-03-30
1917,956,968.24,2029-03-31
1918,232,1541.91,2029-04-01
1919,789,662.5,2029-04-02
1920,284,4713.51,2029-04-03
1921,715,3942.61,2029-04-04
1922,759,2365.72,2029-04-05
1923,802,4338.32,2029-04-06
1924,776,1322.35,2029-04-07
1925,955,3613.89,2029-04-08
1926,726,4295.05,2029-04-09
1927,200,1848.17,2029-04-10
1928,945,3811.58,2029-04-11
1929,79,1545.85,2029-04-12
1930,913,1564.4,2029-04-13
1931,956,624.58,2029-04-14
1932,855,2256.28,2029-04-15
1933,856,3675.59,2029-04-16
1934,173,4707.08,2029-04-17
1935,467,3058.61,2029-04-18
1936,581,4329.36,2029-04-19
1937,416,4130.22,2029-04-20
1938,940,949.38,2029-04-21
1939,449,2480.51,2029-04-22
1940,87,672.93,2029-04-23
1941,101,3442.55,2029-04-24
1942,8,4754.51,2029-04-25
1943,845,771.74,2029-04-26
1944,200,3696.03,2029-04-27
1945,505,3197.97,2029-04-28
1946,87,2959.66,2029-04-29
1947,43,2011.59,2029-04-30
1948,385,1840.15,2029-05-01
1949,621,321.72,2029-05-02
1950,435,1167.75,2029-05-03
1951,408,174.37,2029-05-04
1952,483,2948.94,2029-05-05
1953,664,618.68,2029-05-06
1954,17,4377.8,2029-05-07
1955,645,2663.4,2029-05-08
1956,148,3528.48,2029-05-09
1957,277,2113.2,2029-05-10
1958,232,2846.84,2029-05-11
1959,826,4719.03,2029-05-12
1960,927,505.4,2029-05-13
1961,366,1344.3,2029-05-14
1962,228,3921.94,2029-05-15
1963,651,583.81,2029-05-16
1964,436,470.74,2029-05-17
1965,399,1871.55,2029-05-18
1966,211,551.62,2029-05-19
1967,391,2966.88,2029-05-20
1968,499,1208.75,2029-05-21
1969,540,4488.92,2029-05-22
1970,563,3939.15,2029-05-23
1971,491,3528.56,2029-05-24
1972,442,3123.03,2029-05-25
1973,261,4330.98,2029-05-26
1974,773,1193.0,2029-05-27
1975,350,4378.23,2029-05-28
1976,352,3968.51,2029-05-29
1977,520,3765.99,2029-05-30
1978,320,2850.15,2029-05-31
1979,138,1306.6,2029-06-01
1980,550,2175.38,2029-06-02
1981,623,3988.5,2029-06-03
1982,992,255.71,2029-06-04
1983,368,3932.05,2029-06-05
1984,220,1276.35,2029-06-06
1985,337,807.12,2029-06-07
1986,223,666.94,2029-06-08
1987,648,233.53,2029-06-09
1988,768,2665.57,2029-06-10
1989,360,1169.47,2029-06-11
1990,921,4948.22,2029-06-12
1991,329,2914.74,2029-06-13
1992,962,775.64,2029-06-14
1993,463,3474.94,2029-06-15
1994,946,4498.94,2029-06-16
1995,963,3751.38,2029-06-17
1996,561,474.56,2029-06-18
1997,804,4489.83,2029-06-19
1998,382,3990.25,2029-06-20
1999,836,875.69,2029-06-21
2000,590,353.75,2029-06-22
